"","Series 1","Series 2","Series 3","Series 4","Series 5","Series 6","Series 7","Series 8","Series 9","Series 10"
"1",3.85481432897873,3.72652554996539,3.68361481920399,3.82063704921302,3.72381095758415,3.72449564533093,3.68517940151521,3.81821716145516,3.70577148248803,3.8350327748762
"2",3.62231719731649,3.65497385037305,3.52767061353168,3.78707698366107,3.66742536799101,3.4840271841833,3.68255746310842,3.58670795456761,3.7233345529178,3.51563762237873
"3",3.62116198877087,3.52616845633096,3.42723892128637,3.65283945594749,3.47256808810812,3.3630494914519,3.53962913396532,3.63453869588163,3.46697087758607,3.41404037659504
"4",3.74213208956552,3.61807802045552,3.47057035554438,3.58355737534924,3.44890111098404,3.5361138862066,3.42187584905379,3.75563621774912,3.45460651779037,3.44118021913301
"5",3.77668092368897,3.72705012687654,3.65014989018233,3.64755257164474,3.53286013832248,3.41714521289385,3.44642411373441,3.80861480559452,3.687295025809,3.40835528013404
"6",3.75508699844721,3.83248272284556,3.62182912249165,3.38994509935736,3.44067318832355,3.43683315020395,3.23652201486984,3.61169845550174,3.49809694752516,3.67614809882324
